{
    "images":
    {
        "title":
        {
            "image" : "semrage:gui/title.png",
            "posX" : -134,
            "posY" : 60,
            "width" : 274,
            "height" : 81,
			"imageWidth" : 3513,
			"ImageHeight": 925,
            "alignment" : "top_center"
        },
        
        "edition":
        {
            "image" : "custommainmenu:textures/gui/edition.png",
            "posX" : -102,
            "posY" : -20,
            "width" : 128,
            "height" : 16,
            "alignment" : "bottom_right"
        }
    },
    
    "buttons":
    {
        "singleplayer":
        {
            "text" : "menu.singleplayer",
            "posX" : -100,
            "posY" : 72,
            "width" : 98,
            "height" : 20,
            "action" : 
            {
                "type" : "openGui",
                "gui" : "singleplayer"
            }
        },
        
        "multiplayer":
        {
            "text" : "menu.multiplayer",
            "posX" : 2,
            "posY" : 72,
            "width" : 98,
            "height" : 20,
            "action" : 
            {
                "type" : "openGui",
                "gui" : "multiplayer"
            }
        },
        
        "mods":
        {
            "text" : "fml.menu.mods",
            "posX" : 2,
            "posY" : 96,
            "width" : 98,
            "height" : 20,
            "action" : 
            {
                "type" : "openGui",
                "gui" : "mods"
            }
        },
            
        "options":
        {
            "text" : "menu.options",
            "posX" : -100,
            "posY" : 96,
            "width" : 98,
            "height" : 20,
            "action" : 
            {
                "type" : "openGui",
                "gui" : "options"
            }
        },
        
        "quit":
        {
            "text" : "menu.quit",
			"hoverText" : "Vai meter essa?",
            "posX" : -100,
            "posY" : 132,
            "width" : 200,
            "height" : 20,
            "action" : 
            {
                "type" : "quit"
            }
        },
        
        "language":
        {
            "text" : "",
            "posX" : -124,
            "posY" : 132,
            "width" : 20,
            "height" : 20,
            "action" : 
            {
                "type" : "openGui",
                "gui" : "languages"
            }
        },
        
        "refresh":
        {
            "text" : "",
            "posX" : -148,
            "posY" : 132,
            "width" : 20,
            "height" : 20,
            "texture" : "custommainmenu:textures/gui/buttons.png",
            "action" : 
            {
                "type" : "refresh"
            }
        }
    },
    
    "labels":
    {
        "mojang":
        {
            "text" : "a friends modpack in progress",
            "hoverText" : "�4�nWe are in beta",
            "posX" : 2,
            "posY" : -10,
			"color": 510000,
            "alignment" : "bottom_left",
            "action" : 
            {
                "type" : "copytext",
                "gui" : "none"
            }
        },
        
        "fml":
        {
            "text" : "fml.menu.mods",
            "posX" : 2,
            "posY" : -60,
            "color" : -1,
            "alignment" : "bottom_left"
        }
    },
    
    "other":
    {
        "splash-text":
        {
            "posX" : 120,
            "posY" : 130,
            "color" : -256,
            "alignment" : "top_center",
            "texts" : "file:textures:semrage/texts/splashes.txt"
        },
        
        "panorama":
        {
            "images" : "semrage:panorama/panorama_%c.png",
            "animate" : true,
            "animationSpeed" : 1,
            "blur" : true,
            "gradient" : true
        }
    }
}
